{"test_accuracy":100,"test_loss":0.0006913507149874931,"epoch":20,"_step":19,"train_loss":0.0003775491932174191,"_runtime":14.338896,"train_accuracy":100,"_wandb":{"runtime":14},"_timestamp":1.726478366484923e+09}